vintage_id,stack,rate0,decay,buy_per_gpu,capex_it_kw,npv_musd,project_irr,peak_equity_musd,capex_musd,moic
H100-2023,Greenfield,4.5,-0.05,40300,31434.0,-229.2,0.1237,2365.1,5745.2,1.52
H100-2024,Greenfield,3.8,-0.05,38700,30186.0,-749.0,0.0611,2578.9,5560.5,1.2
H100-2025,Greenfield,2.8,-0.1,35000,27300.0,-1502.9,-0.0461,3271.1,5133.4,0.69
H100-2026F,Greenfield,3.2,-0.22,32000,24960.0,-1531.2,-0.0685,3219.9,4787.1,0.62
B200-2026F,Greenfield,7.8,-0.22,60000,31980.0,78.3,0.1596,2362.1,5826.0,1.64
H100-2023,GPU-only,4.5,-0.05,40300,31434.0,360.0,0.2065,1852.5,4972.2,1.81
H100-2024,GPU-only,3.8,-0.05,38700,30186.0,-159.8,0.124,1796.3,4787.5,1.44
B200-2026F,GPU-only,7.8,-0.22,60000,31980.0,667.4,0.2653,1849.6,5053.0,1.96
B200-2026F,GPU-only-dedicated,9.36,-0.22,60000,31980.0,1414.8,0.3984,1831.0,5053.0,2.49
