step,project_NPV_MUSD,delta_NPV_MUSD,peak_equity_MUSD
0 Legacy Merchant base,-3350.719561091606,,1097.2292882487511
0 Legacy Merchant base,-3350.6,0.1195610916061014,5662.9
1 + Market rate (dedicated 9.36),-3055.7,294.9000000000001,5374.8
2 + Take-or-pay (5yr fixed price),4759.9,7815.599999999999,2206.9
3 + Financing (lev55/kd7.0),4759.9,0.0,1501.6
4 + Customer capital 150,4759.9,0.0,1351.6
5 + NVIDIA backstop,5807.1,1047.2000000000007,1283.9
6 + GPU-backed (lev70/kd5.9+cc500),5807.1,0.0,404.9
7 + B200-consistent capex 21.3k,6420.5,613.3999999999996,361.4
